6,pct_basic,1603179163,0
7,pct_5w,0,1603179163
8,pct_5wlj,0,1603179163
9,pct_5wzp,0,1603179163
10,pct_5wljzp,0,1603179163
426,p_null,0,1603179163
427,p_null_width_fit,0,1603179163
428,p_null_width_nofit,0,1603179163
429,p_void,0,1603179163
430,p_void_width_fit,0,1603179163
431,p_void_width_nofit,0,1603179163
432,p_ftfc_literal_9w_prec2_undefbehav,1603179163,0
433,p_ftfc_literal_2w_prec9_undefbehav,1603179163,0
434,p_ftfc_zero_prec5_undefbehav,0,1603179163
435,p_ftfc_zero_prec0_undefbehav,0,1603179163
436,p_ftfc_5w_throwswarning,0,1603179163
437,p_basic,1603179163,0
438,p_width_fit,1603179163,0
439,p_width_nofit,1603179163,0
440,p_width_16,1603179163,0
441,p_width_8,1603179163,0
442,p_width_32,1603179163,0
443,p_width_fit_lj,1603179163,0
444,p_width_nofit_lj,1603179163,0
445,p_width_16_lj,1603179163,0
446,p_width_8_lj,1603179163,0
447,p_width_32_lj,1603179163,0
